IP,Time,Attack Type,Location,Recommended Steps
198.51.100.19,2025-02-23 11:30:44,suspicious,Unknown,Monitor the IP activity closely and analyze further to determine if additional actions are necessary.
192.0.2.214,2025-02-23 11:30:44,suspicious,Unknown,Monitor the IP activity closely and analyze further to determine if additional actions are necessary.
203.0.113.38,2025-02-23 11:30:44,suspicious,Unknown,Monitor the IP activity closely and analyze further to determine if additional actions are necessary.
203.0.113.134,2025-02-23 11:30:44,suspicious,Unknown,Monitor the IP activity closely and analyze further to determine if additional actions are necessary.
192.0.2.127,2025-02-23 11:30:44,suspicious,Unknown,Monitor the IP activity closely and analyze further to determine if additional actions are necessary.
203.0.113.9,2025-02-23 11:30:44,suspicious,Unknown,Monitor the IP activity closely and analyze further to determine if additional actions are necessary.
198.51.100.15,2025-02-23 11:30:44,suspicious,Unknown,Monitor the IP activity closely and analyze further to determine if additional actions are necessary.
203.0.113.231,2025-02-23 11:30:44,suspicious,Unknown,Monitor the IP activity closely and analyze further to determine if additional actions are necessary.
198.51.100.70,2025-02-23 11:30:44,suspicious,Unknown,Monitor the IP activity closely and analyze further to determine if additional actions are necessary.
198.51.100.58,2025-02-23 11:30:45,suspicious,Unknown,Monitor the IP activity closely and analyze further to determine if additional actions are necessary.
198.51.100.143,2025-02-23 11:30:47,suspicious,Unknown,Monitor the IP activity closely and analyze further to determine if additional actions are necessary.
198.51.100.148,2025-02-23 11:30:47,suspicious,Unknown,Monitor the IP activity closely and analyze further to determine if additional actions are necessary.
203.0.113.24,2025-02-23 11:30:47,suspicious,Unknown,Monitor the IP activity closely and analyze further to determine if additional actions are necessary.
192.0.2.100,2025-02-23 11:30:47,suspicious,Unknown,Monitor the IP activity closely and analyze further to determine if additional actions are necessary.
203.0.113.41,2025-02-23 11:30:47,suspicious,Unknown,Monitor the IP activity closely and analyze further to determine if additional actions are necessary.
203.0.113.167,2025-02-23 11:30:47,suspicious,Unknown,Monitor the IP activity closely and analyze further to determine if additional actions are necessary.
198.51.100.23,2025-02-23 11:30:47,suspicious,Unknown,Monitor the IP activity closely and analyze further to determine if additional actions are necessary.
198.51.100.74,2025-02-23 11:30:47,suspicious,Unknown,Monitor the IP activity closely and analyze further to determine if additional actions are necessary.
203.0.113.152,2025-02-23 11:30:47,suspicious,Unknown,Monitor the IP activity closely and analyze further to determine if additional actions are necessary.
203.0.113.69,2025-02-23 11:30:47,suspicious,Unknown,Monitor the IP activity closely and analyze further to determine if additional actions are necessary.
198.51.100.21,2025-02-23 11:30:49,suspicious,Unknown,Monitor the IP activity closely and analyze further to determine if additional actions are necessary.
192.0.2.86,2025-02-23 11:30:49,suspicious,Unknown,Monitor the IP activity closely and analyze further to determine if additional actions are necessary.
198.51.100.229,2025-02-23 11:30:49,suspicious,Unknown,Monitor the IP activity closely and analyze further to determine if additional actions are necessary.
203.0.113.32,2025-02-23 11:30:49,suspicious,Unknown,Monitor the IP activity closely and analyze further to determine if additional actions are necessary.
198.51.100.171,2025-02-23 11:30:49,suspicious,Unknown,Monitor the IP activity closely and analyze further to determine if additional actions are necessary.
192.0.2.130,2025-02-23 11:30:49,suspicious,Unknown,Monitor the IP activity closely and analyze further to determine if additional actions are necessary.
192.0.2.119,2025-02-23 11:30:49,suspicious,Unknown,Monitor the IP activity closely and analyze further to determine if additional actions are necessary.
203.0.113.38,2025-02-23 11:30:49,brute_force,Unknown,Temporarily block the IP and require captcha verification to mitigate rapid brute force attempts.
192.0.2.173,2025-02-23 11:30:49,suspicious,Unknown,Monitor the IP activity closely and analyze further to determine if additional actions are necessary.
198.51.100.93,2025-02-23 11:30:49,suspicious,Unknown,Monitor the IP activity closely and analyze further to determine if additional actions are necessary.
198.51.100.24,2025-02-23 11:30:50,suspicious,Unknown,Monitor the IP activity closely and analyze further to determine if additional actions are necessary.
203.0.113.136,2025-02-23 11:30:50,suspicious,Unknown,Monitor the IP activity closely and analyze further to determine if additional actions are necessary.
192.0.2.156,2025-02-23 11:30:50,suspicious,Unknown,Monitor the IP activity closely and analyze further to determine if additional actions are necessary.
192.0.2.141,2025-02-23 11:30:50,suspicious,Unknown,Monitor the IP activity closely and analyze further to determine if additional actions are necessary.
203.0.113.9,2025-02-23 11:30:50,brute_force,Unknown,Temporarily block the IP and require captcha verification to mitigate rapid brute force attempts.
203.0.113.168,2025-02-23 11:30:50,suspicious,Unknown,Monitor the IP activity closely and analyze further to determine if additional actions are necessary.
192.0.2.81,2025-02-23 11:30:50,suspicious,Unknown,Monitor the IP activity closely and analyze further to determine if additional actions are necessary.
192.0.2.215,2025-02-23 11:30:50,suspicious,Unknown,Monitor the IP activity closely and analyze further to determine if additional actions are necessary.
192.0.2.171,2025-02-23 11:30:50,suspicious,Unknown,Monitor the IP activity closely and analyze further to determine if additional actions are necessary.
198.51.100.31,2025-02-23 11:30:50,suspicious,Unknown,Monitor the IP activity closely and analyze further to determine if additional actions are necessary.
198.51.100.120,2025-02-23 11:30:51,suspicious,Unknown,Monitor the IP activity closely and analyze further to determine if additional actions are necessary.
192.0.2.95,2025-02-23 11:30:51,suspicious,Unknown,Monitor the IP activity closely and analyze further to determine if additional actions are necessary.
198.51.100.181,2025-02-23 11:30:51,suspicious,Unknown,Monitor the IP activity closely and analyze further to determine if additional actions are necessary.
198.51.100.185,2025-02-23 11:30:51,suspicious,Unknown,Monitor the IP activity closely and analyze further to determine if additional actions are necessary.
192.0.2.158,2025-02-23 11:30:51,suspicious,Unknown,Monitor the IP activity closely and analyze further to determine if additional actions are necessary.
198.51.100.87,2025-02-23 11:30:51,suspicious,Unknown,Monitor the IP activity closely and analyze further to determine if additional actions are necessary.
192.0.2.90,2025-02-23 11:30:51,suspicious,Unknown,Monitor the IP activity closely and analyze further to determine if additional actions are necessary.
192.0.2.209,2025-02-23 11:30:51,suspicious,Unknown,Monitor the IP activity closely and analyze further to determine if additional actions are necessary.
198.51.100.45,2025-02-23 11:30:51,suspicious,Unknown,Monitor the IP activity closely and analyze further to determine if additional actions are necessary.
192.0.2.67,2025-02-23 11:30:51,suspicious,Unknown,Monitor the IP activity closely and analyze further to determine if additional actions are necessary.
198.51.100.238,2025-02-23 11:30:53,suspicious,Unknown,Monitor the IP activity closely and analyze further to determine if additional actions are necessary.
203.0.113.2,2025-02-23 11:30:53,suspicious,Unknown,Monitor the IP activity closely and analyze further to determine if additional actions are necessary.
192.0.2.157,2025-02-23 11:30:53,suspicious,Unknown,Monitor the IP activity closely and analyze further to determine if additional actions are necessary.
198.51.100.8,2025-02-23 11:30:53,suspicious,Unknown,Monitor the IP activity closely and analyze further to determine if additional actions are necessary.
203.0.113.84,2025-02-23 11:30:53,suspicious,Unknown,Monitor the IP activity closely and analyze further to determine if additional actions are necessary.
203.0.113.237,2025-02-23 11:30:53,suspicious,Unknown,Monitor the IP activity closely and analyze further to determine if additional actions are necessary.
192.0.2.26,2025-02-23 11:30:53,suspicious,Unknown,Monitor the IP activity closely and analyze further to determine if additional actions are necessary.
203.0.113.212,2025-02-23 11:30:53,suspicious,Unknown,Monitor the IP activity closely and analyze further to determine if additional actions are necessary.
203.0.113.204,2025-02-23 11:30:53,suspicious,Unknown,Monitor the IP activity closely and analyze further to determine if additional actions are necessary.
203.0.113.47,2025-02-23 11:30:53,suspicious,Unknown,Monitor the IP activity closely and analyze further to determine if additional actions are necessary.
203.0.113.145,2025-02-23 11:30:54,suspicious,Unknown,Monitor the IP activity closely and analyze further to determine if additional actions are necessary.
198.51.100.30,2025-02-23 11:30:54,suspicious,Unknown,Monitor the IP activity closely and analyze further to determine if additional actions are necessary.
192.0.2.234,2025-02-23 11:30:54,suspicious,Unknown,Monitor the IP activity closely and analyze further to determine if additional actions are necessary.
203.0.113.202,2025-02-23 11:30:54,suspicious,Unknown,Monitor the IP activity closely and analyze further to determine if additional actions are necessary.
198.51.100.214,2025-02-23 11:30:54,suspicious,Unknown,Monitor the IP activity closely and analyze further to determine if additional actions are necessary.
203.0.113.160,2025-02-23 11:30:54,suspicious,Unknown,Monitor the IP activity closely and analyze further to determine if additional actions are necessary.
198.51.100.57,2025-02-23 11:30:54,suspicious,Unknown,Monitor the IP activity closely and analyze further to determine if additional actions are necessary.
198.51.100.87,2025-02-23 11:30:54,brute_force,Unknown,Temporarily block the IP and require captcha verification to mitigate rapid brute force attempts.
192.0.2.208,2025-02-23 11:30:54,suspicious,Unknown,Monitor the IP activity closely and analyze further to determine if additional actions are necessary.
203.0.113.228,2025-02-23 11:30:54,suspicious,Unknown,Monitor the IP activity closely and analyze further to determine if additional actions are necessary.
192.0.2.185,2025-02-23 11:30:56,suspicious,Unknown,Monitor the IP activity closely and analyze further to determine if additional actions are necessary.
198.51.100.192,2025-02-23 11:30:56,suspicious,Unknown,Monitor the IP activity closely and analyze further to determine if additional actions are necessary.
198.51.100.207,2025-02-23 11:30:56,suspicious,Unknown,Monitor the IP activity closely and analyze further to determine if additional actions are necessary.
192.0.2.142,2025-02-23 11:30:56,suspicious,Unknown,Monitor the IP activity closely and analyze further to determine if additional actions are necessary.
203.0.113.145,2025-02-23 11:30:56,brute_force,Unknown,Temporarily block the IP and require captcha verification to mitigate rapid brute force attempts.
198.51.100.114,2025-02-23 11:30:56,suspicious,Unknown,Monitor the IP activity closely and analyze further to determine if additional actions are necessary.
192.0.2.142,2025-02-23 11:30:56,brute_force,Unknown,Temporarily block the IP and require captcha verification to mitigate rapid brute force attempts.
192.0.2.51,2025-02-23 11:30:56,suspicious,Unknown,Monitor the IP activity closely and analyze further to determine if additional actions are necessary.
203.0.113.72,2025-02-23 11:30:56,suspicious,Unknown,Monitor the IP activity closely and analyze further to determine if additional actions are necessary.
203.0.113.176,2025-02-23 11:30:56,suspicious,Unknown,Monitor the IP activity closely and analyze further to determine if additional actions are necessary.
198.51.100.107,2025-02-23 11:30:57,suspicious,Unknown,Monitor the IP activity closely and analyze further to determine if additional actions are necessary.
203.0.113.238,2025-02-23 11:30:57,suspicious,Unknown,Monitor the IP activity closely and analyze further to determine if additional actions are necessary.
203.0.113.252,2025-02-23 11:30:57,suspicious,Unknown,Monitor the IP activity closely and analyze further to determine if additional actions are necessary.
203.0.113.213,2025-02-23 11:30:57,suspicious,Unknown,Monitor the IP activity closely and analyze further to determine if additional actions are necessary.
198.51.100.81,2025-02-23 11:30:57,suspicious,Unknown,Monitor the IP activity closely and analyze further to determine if additional actions are necessary.
198.51.100.36,2025-02-23 11:30:57,suspicious,Unknown,Monitor the IP activity closely and analyze further to determine if additional actions are necessary.
198.51.100.69,2025-02-23 11:30:57,suspicious,Unknown,Monitor the IP activity closely and analyze further to determine if additional actions are necessary.
192.0.2.118,2025-02-23 11:30:57,suspicious,Unknown,Monitor the IP activity closely and analyze further to determine if additional actions are necessary.
198.51.100.194,2025-02-23 11:30:57,suspicious,Unknown,Monitor the IP activity closely and analyze further to determine if additional actions are necessary.
198.51.100.44,2025-02-23 11:30:57,suspicious,Unknown,Monitor the IP activity closely and analyze further to determine if additional actions are necessary.
203.0.113.131,2025-02-23 11:30:59,suspicious,Unknown,Monitor the IP activity closely and analyze further to determine if additional actions are necessary.
203.0.113.214,2025-02-23 11:30:59,suspicious,Unknown,Monitor the IP activity closely and analyze further to determine if additional actions are necessary.
203.0.113.113,2025-02-23 11:30:59,suspicious,Unknown,Monitor the IP activity closely and analyze further to determine if additional actions are necessary.
192.0.2.78,2025-02-23 11:30:59,suspicious,Unknown,Monitor the IP activity closely and analyze further to determine if additional actions are necessary.
203.0.113.225,2025-02-23 11:30:59,suspicious,Unknown,Monitor the IP activity closely and analyze further to determine if additional actions are necessary.
198.51.100.26,2025-02-23 11:30:59,suspicious,Unknown,Monitor the IP activity closely and analyze further to determine if additional actions are necessary.
198.51.100.213,2025-02-23 11:30:59,suspicious,Unknown,Monitor the IP activity closely and analyze further to determine if additional actions are necessary.
203.0.113.229,2025-02-23 11:30:59,suspicious,Unknown,Monitor the IP activity closely and analyze further to determine if additional actions are necessary.
198.51.100.49,2025-02-23 11:30:59,suspicious,Unknown,Monitor the IP activity closely and analyze further to determine if additional actions are necessary.
203.0.113.36,2025-02-23 11:30:59,suspicious,Unknown,Monitor the IP activity closely and analyze further to determine if additional actions are necessary.
198.51.100.75,2025-02-23 11:31:00,suspicious,Unknown,Monitor the IP activity closely and analyze further to determine if additional actions are necessary.
192.0.2.122,2025-02-23 11:31:00,suspicious,Unknown,Monitor the IP activity closely and analyze further to determine if additional actions are necessary.
192.0.2.67,2025-02-23 11:31:00,brute_force,Unknown,Temporarily block the IP and require captcha verification to mitigate rapid brute force attempts.
203.0.113.142,2025-02-23 11:31:00,suspicious,Unknown,Monitor the IP activity closely and analyze further to determine if additional actions are necessary.
192.0.2.7,2025-02-23 11:31:00,suspicious,Unknown,Monitor the IP activity closely and analyze further to determine if additional actions are necessary.
203.0.113.80,2025-02-23 11:31:00,suspicious,Unknown,Monitor the IP activity closely and analyze further to determine if additional actions are necessary.
198.51.100.227,2025-02-23 11:31:00,suspicious,Unknown,Monitor the IP activity closely and analyze further to determine if additional actions are necessary.
203.0.113.41,2025-02-23 11:31:00,suspicious,Unknown,Monitor the IP activity closely and analyze further to determine if additional actions are necessary.
198.51.100.154,2025-02-23 11:31:00,suspicious,Unknown,Monitor the IP activity closely and analyze further to determine if additional actions are necessary.
203.0.113.42,2025-02-23 11:31:00,suspicious,Unknown,Monitor the IP activity closely and analyze further to determine if additional actions are necessary.
203.0.113.159,2025-02-23 11:31:01,suspicious,Unknown,Monitor the IP activity closely and analyze further to determine if additional actions are necessary.
203.0.113.43,2025-02-23 11:31:01,suspicious,Unknown,Monitor the IP activity closely and analyze further to determine if additional actions are necessary.
192.0.2.194,2025-02-23 11:31:01,suspicious,Unknown,Monitor the IP activity closely and analyze further to determine if additional actions are necessary.
192.0.2.9,2025-02-23 11:31:01,suspicious,Unknown,Monitor the IP activity closely and analyze further to determine if additional actions are necessary.
198.51.100.150,2025-02-23 11:31:01,suspicious,Unknown,Monitor the IP activity closely and analyze further to determine if additional actions are necessary.
203.0.113.32,2025-02-23 11:31:01,brute_force,Unknown,Temporarily block the IP and require captcha verification to mitigate rapid brute force attempts.
192.0.2.85,2025-02-23 11:31:01,suspicious,Unknown,Monitor the IP activity closely and analyze further to determine if additional actions are necessary.
203.0.113.161,2025-02-23 11:31:01,suspicious,Unknown,Monitor the IP activity closely and analyze further to determine if additional actions are necessary.
198.51.100.50,2025-02-23 11:31:01,suspicious,Unknown,Monitor the IP activity closely and analyze further to determine if additional actions are necessary.
198.51.100.131,2025-02-23 11:31:01,suspicious,Unknown,Monitor the IP activity closely and analyze further to determine if additional actions are necessary.
198.51.100.46,2025-02-23 11:31:03,suspicious,Unknown,Monitor the IP activity closely and analyze further to determine if additional actions are necessary.
203.0.113.167,2025-02-23 11:31:03,suspicious,Unknown,Monitor the IP activity closely and analyze further to determine if additional actions are necessary.
198.51.100.81,2025-02-23 11:31:03,brute_force,Unknown,Temporarily block the IP and require captcha verification to mitigate rapid brute force attempts.
203.0.113.62,2025-02-23 11:31:03,suspicious,Unknown,Monitor the IP activity closely and analyze further to determine if additional actions are necessary.
192.0.2.227,2025-02-23 11:31:03,suspicious,Unknown,Monitor the IP activity closely and analyze further to determine if additional actions are necessary.
192.0.2.164,2025-02-23 11:31:03,suspicious,Unknown,Monitor the IP activity closely and analyze further to determine if additional actions are necessary.
192.0.2.250,2025-02-23 11:31:03,suspicious,Unknown,Monitor the IP activity closely and analyze further to determine if additional actions are necessary.
203.0.113.181,2025-02-23 11:31:03,suspicious,Unknown,Monitor the IP activity closely and analyze further to determine if additional actions are necessary.
203.0.113.194,2025-02-23 11:31:03,suspicious,Unknown,Monitor the IP activity closely and analyze further to determine if additional actions are necessary.
192.0.2.139,2025-02-23 11:31:03,suspicious,Unknown,Monitor the IP activity closely and analyze further to determine if additional actions are necessary.
203.0.113.109,2025-02-23 11:31:04,suspicious,Unknown,Monitor the IP activity closely and analyze further to determine if additional actions are necessary.
192.0.2.214,2025-02-23 11:31:04,suspicious,Unknown,Monitor the IP activity closely and analyze further to determine if additional actions are necessary.
203.0.113.231,2025-02-23 11:31:04,suspicious,Unknown,Monitor the IP activity closely and analyze further to determine if additional actions are necessary.
192.0.2.244,2025-02-23 11:31:04,suspicious,Unknown,Monitor the IP activity closely and analyze further to determine if additional actions are necessary.
203.0.113.93,2025-02-23 11:31:04,suspicious,Unknown,Monitor the IP activity closely and analyze further to determine if additional actions are necessary.
198.51.100.118,2025-02-23 11:31:04,suspicious,Unknown,Monitor the IP activity closely and analyze further to determine if additional actions are necessary.
192.0.2.158,2025-02-23 11:31:04,brute_force,Unknown,Temporarily block the IP and require captcha verification to mitigate rapid brute force attempts.
198.51.100.146,2025-02-23 11:31:04,suspicious,Unknown,Monitor the IP activity closely and analyze further to determine if additional actions are necessary.
192.0.2.143,2025-02-23 11:31:04,suspicious,Unknown,Monitor the IP activity closely and analyze further to determine if additional actions are necessary.
192.0.2.38,2025-02-23 11:31:04,suspicious,Unknown,Monitor the IP activity closely and analyze further to determine if additional actions are necessary.
198.51.100.254,2025-02-23 11:31:06,suspicious,Unknown,Monitor the IP activity closely and analyze further to determine if additional actions are necessary.
198.51.100.201,2025-02-23 11:31:06,suspicious,Unknown,Monitor the IP activity closely and analyze further to determine if additional actions are necessary.
203.0.113.108,2025-02-23 11:31:06,suspicious,Unknown,Monitor the IP activity closely and analyze further to determine if additional actions are necessary.
192.0.2.200,2025-02-23 11:31:06,suspicious,Unknown,Monitor the IP activity closely and analyze further to determine if additional actions are necessary.
198.51.100.213,2025-02-23 11:31:06,brute_force,Unknown,Temporarily block the IP and require captcha verification to mitigate rapid brute force attempts.
198.51.100.218,2025-02-23 11:31:06,suspicious,Unknown,Monitor the IP activity closely and analyze further to determine if additional actions are necessary.
203.0.113.210,2025-02-23 11:31:06,suspicious,Unknown,Monitor the IP activity closely and analyze further to determine if additional actions are necessary.
192.0.2.157,2025-02-23 11:31:06,brute_force,Unknown,Temporarily block the IP and require captcha verification to mitigate rapid brute force attempts.
198.51.100.122,2025-02-23 11:31:06,suspicious,Unknown,Monitor the IP activity closely and analyze further to determine if additional actions are necessary.
203.0.113.199,2025-02-23 11:31:06,suspicious,Unknown,Monitor the IP activity closely and analyze further to determine if additional actions are necessary.
192.0.2.98,2025-02-23 11:31:07,suspicious,Unknown,Monitor the IP activity closely and analyze further to determine if additional actions are necessary.
198.51.100.24,2025-02-23 11:31:07,suspicious,Unknown,Monitor the IP activity closely and analyze further to determine if additional actions are necessary.
198.51.100.213,2025-02-23 11:31:07,brute_force,Unknown,Temporarily block the IP and require captcha verification to mitigate rapid brute force attempts.
203.0.113.84,2025-02-23 11:31:07,brute_force,Unknown,Temporarily block the IP and require captcha verification to mitigate rapid brute force attempts.
192.0.2.167,2025-02-23 11:31:07,suspicious,Unknown,Monitor the IP activity closely and analyze further to determine if additional actions are necessary.
198.51.100.220,2025-02-23 11:31:07,suspicious,Unknown,Monitor the IP activity closely and analyze further to determine if additional actions are necessary.
192.0.2.232,2025-02-23 11:31:07,suspicious,Unknown,Monitor the IP activity closely and analyze further to determine if additional actions are necessary.
192.0.2.48,2025-02-23 11:31:07,suspicious,Unknown,Monitor the IP activity closely and analyze further to determine if additional actions are necessary.
203.0.113.130,2025-02-23 11:31:07,suspicious,Unknown,Monitor the IP activity closely and analyze further to determine if additional actions are necessary.
192.0.2.13,2025-02-23 11:31:07,suspicious,Unknown,Monitor the IP activity closely and analyze further to determine if additional actions are necessary.
203.0.113.175,2025-02-23 11:31:09,suspicious,Unknown,Monitor the IP activity closely and analyze further to determine if additional actions are necessary.
203.0.113.180,2025-02-23 11:31:09,suspicious,Unknown,Monitor the IP activity closely and analyze further to determine if additional actions are necessary.
198.51.100.93,2025-02-23 11:31:09,suspicious,Unknown,Monitor the IP activity closely and analyze further to determine if additional actions are necessary.
198.51.100.93,2025-02-23 11:31:09,brute_force,Unknown,Temporarily block the IP and require captcha verification to mitigate rapid brute force attempts.
203.0.113.203,2025-02-23 11:31:09,suspicious,Unknown,Monitor the IP activity closely and analyze further to determine if additional actions are necessary.
198.51.100.194,2025-02-23 11:31:09,brute_force,Unknown,Temporarily block the IP and require captcha verification to mitigate rapid brute force attempts.
192.0.2.166,2025-02-23 11:31:09,suspicious,Unknown,Monitor the IP activity closely and analyze further to determine if additional actions are necessary.
198.51.100.116,2025-02-23 11:31:09,suspicious,Unknown,Monitor the IP activity closely and analyze further to determine if additional actions are necessary.
203.0.113.119,2025-02-23 11:31:09,suspicious,Unknown,Monitor the IP activity closely and analyze further to determine if additional actions are necessary.
198.51.100.64,2025-02-23 11:31:09,suspicious,Unknown,Monitor the IP activity closely and analyze further to determine if additional actions are necessary.
198.51.100.181,2025-02-23 11:31:10,suspicious,Unknown,Monitor the IP activity closely and analyze further to determine if additional actions are necessary.
192.0.2.194,2025-02-23 11:31:10,brute_force,Unknown,Temporarily block the IP and require captcha verification to mitigate rapid brute force attempts.
198.51.100.60,2025-02-23 11:31:10,suspicious,Unknown,Monitor the IP activity closely and analyze further to determine if additional actions are necessary.
198.51.100.26,2025-02-23 11:31:10,brute_force,Unknown,Temporarily block the IP and require captcha verification to mitigate rapid brute force attempts.
203.0.113.220,2025-02-23 11:31:10,suspicious,Unknown,Monitor the IP activity closely and analyze further to determine if additional actions are necessary.
192.0.2.225,2025-02-23 11:31:10,suspicious,Unknown,Monitor the IP activity closely and analyze further to determine if additional actions are necessary.
198.51.100.13,2025-02-23 11:31:10,suspicious,Unknown,Monitor the IP activity closely and analyze further to determine if additional actions are necessary.
198.51.100.125,2025-02-23 11:31:10,suspicious,Unknown,Monitor the IP activity closely and analyze further to determine if additional actions are necessary.
192.0.2.30,2025-02-23 11:31:10,suspicious,Unknown,Monitor the IP activity closely and analyze further to determine if additional actions are necessary.
198.51.100.139,2025-02-23 11:31:10,suspicious,Unknown,Monitor the IP activity closely and analyze further to determine if additional actions are necessary.
198.51.100.179,2025-02-23 11:31:12,suspicious,Unknown,Monitor the IP activity closely and analyze further to determine if additional actions are necessary.
192.0.2.174,2025-02-23 11:31:12,suspicious,Unknown,Monitor the IP activity closely and analyze further to determine if additional actions are necessary.
203.0.113.183,2025-02-23 11:31:12,suspicious,Unknown,Monitor the IP activity closely and analyze further to determine if additional actions are necessary.
192.0.2.229,2025-02-23 11:31:12,suspicious,Unknown,Monitor the IP activity closely and analyze further to determine if additional actions are necessary.
192.0.2.162,2025-02-23 11:31:12,suspicious,Unknown,Monitor the IP activity closely and analyze further to determine if additional actions are necessary.
198.51.100.186,2025-02-23 11:31:12,suspicious,Unknown,Monitor the IP activity closely and analyze further to determine if additional actions are necessary.
198.51.100.81,2025-02-23 11:31:12,brute_force,Unknown,Temporarily block the IP and require captcha verification to mitigate rapid brute force attempts.
203.0.113.238,2025-02-23 11:31:12,brute_force,Unknown,Temporarily block the IP and require captcha verification to mitigate rapid brute force attempts.
203.0.113.9,2025-02-23 11:31:12,suspicious,Unknown,Monitor the IP activity closely and analyze further to determine if additional actions are necessary.
192.0.2.165,2025-02-23 11:31:12,suspicious,Unknown,Monitor the IP activity closely and analyze further to determine if additional actions are necessary.
203.0.113.196,2025-02-23 11:31:13,suspicious,Unknown,Monitor the IP activity closely and analyze further to determine if additional actions are necessary.
198.51.100.134,2025-02-23 11:31:13,suspicious,Unknown,Monitor the IP activity closely and analyze further to determine if additional actions are necessary.
203.0.113.27,2025-02-23 11:31:13,suspicious,Unknown,Monitor the IP activity closely and analyze further to determine if additional actions are necessary.
198.51.100.45,2025-02-23 11:31:13,suspicious,Unknown,Monitor the IP activity closely and analyze further to determine if additional actions are necessary.
203.0.113.33,2025-02-23 11:31:13,suspicious,Unknown,Monitor the IP activity closely and analyze further to determine if additional actions are necessary.
203.0.113.23,2025-02-23 11:31:13,suspicious,Unknown,Monitor the IP activity closely and analyze further to determine if additional actions are necessary.
192.0.2.182,2025-02-23 11:31:13,suspicious,Unknown,Monitor the IP activity closely and analyze further to determine if additional actions are necessary.
192.0.2.160,2025-02-23 11:31:13,suspicious,Unknown,Monitor the IP activity closely and analyze further to determine if additional actions are necessary.
198.51.100.181,2025-02-23 11:31:13,brute_force,Unknown,Temporarily block the IP and require captcha verification to mitigate rapid brute force attempts.
203.0.113.49,2025-02-23 11:31:13,suspicious,Unknown,Monitor the IP activity closely and analyze further to determine if additional actions are necessary.
Unknown,2025-03-31 22:11:34,suspicious,Unknown,Monitor the IP activity closely and analyze further to determine if additional actions are necessary.
Unknown,2025-03-31 22:11:34,suspicious,Unknown,Monitor the IP activity closely and analyze further to determine if additional actions are necessary.
Unknown,2025-03-31 22:11:34,suspicious,Unknown,Monitor the IP activity closely and analyze further to determine if additional actions are necessary.
Unknown,2025-03-31 22:11:34,suspicious,Unknown,Monitor the IP activity closely and analyze further to determine if additional actions are necessary.
Unknown,2025-03-31 22:11:34,suspicious,Unknown,Monitor the IP activity closely and analyze further to determine if additional actions are necessary.
Unknown,2025-03-31 22:11:34,suspicious,Unknown,Monitor the IP activity closely and analyze further to determine if additional actions are necessary.
Unknown,2025-03-31 22:11:34,suspicious,Unknown,Monitor the IP activity closely and analyze further to determine if additional actions are necessary.
Unknown,2025-03-31 22:11:34,suspicious,Unknown,Monitor the IP activity closely and analyze further to determine if additional actions are necessary.
Unknown,2025-03-31 22:11:34,suspicious,Unknown,Monitor the IP activity closely and analyze further to determine if additional actions are necessary.
Unknown,2025-03-31 22:11:34,suspicious,Unknown,Monitor the IP activity closely and analyze further to determine if additional actions are necessary.
Unknown,2025-03-31 22:11:34,suspicious,Unknown,Monitor the IP activity closely and analyze further to determine if additional actions are necessary.
Unknown,2025-03-31 22:11:34,suspicious,Unknown,Monitor the IP activity closely and analyze further to determine if additional actions are necessary.
Unknown,2025-03-31 22:11:34,suspicious,Unknown,Monitor the IP activity closely and analyze further to determine if additional actions are necessary.
Unknown,2025-03-31 22:11:34,suspicious,Unknown,Monitor the IP activity closely and analyze further to determine if additional actions are necessary.
Unknown,2025-03-31 22:11:34,suspicious,Unknown,Monitor the IP activity closely and analyze further to determine if additional actions are necessary.
Unknown,2025-03-31 22:11:34,suspicious,Unknown,Monitor the IP activity closely and analyze further to determine if additional actions are necessary.
Unknown,2025-03-31 22:11:34,suspicious,Unknown,Monitor the IP activity closely and analyze further to determine if additional actions are necessary.
Unknown,2025-03-31 22:11:34,suspicious,Unknown,Monitor the IP activity closely and analyze further to determine if additional actions are necessary.
Unknown,2025-03-31 22:11:34,suspicious,Unknown,Monitor the IP activity closely and analyze further to determine if additional actions are necessary.
Unknown,2025-03-31 22:11:34,suspicious,Unknown,Monitor the IP activity closely and analyze further to determine if additional actions are necessary.
Unknown,2025-03-31 22:11:34,suspicious,Unknown,Monitor the IP activity closely and analyze further to determine if additional actions are necessary.
Unknown,2025-03-31 22:11:34,suspicious,Unknown,Monitor the IP activity closely and analyze further to determine if additional actions are necessary.
Unknown,2025-03-31 22:11:34,suspicious,Unknown,Monitor the IP activity closely and analyze further to determine if additional actions are necessary.
Unknown,2025-03-31 22:11:34,suspicious,Unknown,Monitor the IP activity closely and analyze further to determine if additional actions are necessary.
Unknown,2025-03-31 22:11:34,suspicious,Unknown,Monitor the IP activity closely and analyze further to determine if additional actions are necessary.
Unknown,2025-03-31 22:11:34,suspicious,Unknown,Monitor the IP activity closely and analyze further to determine if additional actions are necessary.
Unknown,2025-03-31 22:11:34,suspicious,Unknown,Monitor the IP activity closely and analyze further to determine if additional actions are necessary.
Unknown,2025-03-31 22:11:47,suspicious,Unknown,Monitor the IP activity closely and analyze further to determine if additional actions are necessary.
Unknown,2025-03-31 22:11:47,suspicious,Unknown,Monitor the IP activity closely and analyze further to determine if additional actions are necessary.
Unknown,2025-03-31 22:11:47,suspicious,Unknown,Monitor the IP activity closely and analyze further to determine if additional actions are necessary.
Unknown,2025-03-31 22:11:47,suspicious,Unknown,Monitor the IP activity closely and analyze further to determine if additional actions are necessary.
Unknown,2025-03-31 22:11:47,suspicious,Unknown,Monitor the IP activity closely and analyze further to determine if additional actions are necessary.
Unknown,2025-03-31 22:11:47,suspicious,Unknown,Monitor the IP activity closely and analyze further to determine if additional actions are necessary.
Unknown,2025-03-31 22:11:47,suspicious,Unknown,Monitor the IP activity closely and analyze further to determine if additional actions are necessary.
Unknown,2025-03-31 22:11:47,suspicious,Unknown,Monitor the IP activity closely and analyze further to determine if additional actions are necessary.
Unknown,2025-03-31 22:11:47,suspicious,Unknown,Monitor the IP activity closely and analyze further to determine if additional actions are necessary.
Unknown,2025-03-31 22:11:47,suspicious,Unknown,Monitor the IP activity closely and analyze further to determine if additional actions are necessary.
Unknown,2025-03-31 22:11:47,suspicious,Unknown,Monitor the IP activity closely and analyze further to determine if additional actions are necessary.
Unknown,2025-03-31 22:11:47,suspicious,Unknown,Monitor the IP activity closely and analyze further to determine if additional actions are necessary.
Unknown,2025-03-31 22:11:47,suspicious,Unknown,Monitor the IP activity closely and analyze further to determine if additional actions are necessary.
Unknown,2025-03-31 22:11:47,suspicious,Unknown,Monitor the IP activity closely and analyze further to determine if additional actions are necessary.
Unknown,2025-03-31 22:11:47,suspicious,Unknown,Monitor the IP activity closely and analyze further to determine if additional actions are necessary.
Unknown,2025-03-31 22:11:47,suspicious,Unknown,Monitor the IP activity closely and analyze further to determine if additional actions are necessary.
Unknown,2025-03-31 22:11:47,suspicious,Unknown,Monitor the IP activity closely and analyze further to determine if additional actions are necessary.
Unknown,2025-03-31 22:11:47,suspicious,Unknown,Monitor the IP activity closely and analyze further to determine if additional actions are necessary.
Unknown,2025-03-31 22:11:47,suspicious,Unknown,Monitor the IP activity closely and analyze further to determine if additional actions are necessary.
Unknown,2025-03-31 22:11:47,suspicious,Unknown,Monitor the IP activity closely and analyze further to determine if additional actions are necessary.
Unknown,2025-03-31 22:11:47,suspicious,Unknown,Monitor the IP activity closely and analyze further to determine if additional actions are necessary.
Unknown,2025-03-31 22:11:47,suspicious,Unknown,Monitor the IP activity closely and analyze further to determine if additional actions are necessary.
Unknown,2025-03-31 22:11:47,suspicious,Unknown,Monitor the IP activity closely and analyze further to determine if additional actions are necessary.
Unknown,2025-03-31 22:11:47,suspicious,Unknown,Monitor the IP activity closely and analyze further to determine if additional actions are necessary.
Unknown,2025-03-31 22:11:47,suspicious,Unknown,Monitor the IP activity closely and analyze further to determine if additional actions are necessary.
Unknown,2025-03-31 22:11:47,suspicious,Unknown,Monitor the IP activity closely and analyze further to determine if additional actions are necessary.
Unknown,2025-03-31 22:11:47,suspicious,Unknown,Monitor the IP activity closely and analyze further to determine if additional actions are necessary.
Unknown,2025-03-31 22:11:59,suspicious,Unknown,Monitor the IP activity closely and analyze further to determine if additional actions are necessary.
Unknown,2025-03-31 22:11:59,suspicious,Unknown,Monitor the IP activity closely and analyze further to determine if additional actions are necessary.
Unknown,2025-03-31 22:11:59,suspicious,Unknown,Monitor the IP activity closely and analyze further to determine if additional actions are necessary.
Unknown,2025-03-31 22:11:59,suspicious,Unknown,Monitor the IP activity closely and analyze further to determine if additional actions are necessary.
Unknown,2025-03-31 22:11:59,suspicious,Unknown,Monitor the IP activity closely and analyze further to determine if additional actions are necessary.
Unknown,2025-03-31 22:11:59,suspicious,Unknown,Monitor the IP activity closely and analyze further to determine if additional actions are necessary.
Unknown,2025-03-31 22:11:59,suspicious,Unknown,Monitor the IP activity closely and analyze further to determine if additional actions are necessary.
Unknown,2025-03-31 22:11:59,suspicious,Unknown,Monitor the IP activity closely and analyze further to determine if additional actions are necessary.
Unknown,2025-03-31 22:11:59,suspicious,Unknown,Monitor the IP activity closely and analyze further to determine if additional actions are necessary.
Unknown,2025-03-31 22:11:59,suspicious,Unknown,Monitor the IP activity closely and analyze further to determine if additional actions are necessary.
Unknown,2025-03-31 22:11:59,suspicious,Unknown,Monitor the IP activity closely and analyze further to determine if additional actions are necessary.
Unknown,2025-03-31 22:11:59,suspicious,Unknown,Monitor the IP activity closely and analyze further to determine if additional actions are necessary.
Unknown,2025-03-31 22:11:59,suspicious,Unknown,Monitor the IP activity closely and analyze further to determine if additional actions are necessary.
Unknown,2025-03-31 22:11:59,suspicious,Unknown,Monitor the IP activity closely and analyze further to determine if additional actions are necessary.
Unknown,2025-03-31 22:11:59,suspicious,Unknown,Monitor the IP activity closely and analyze further to determine if additional actions are necessary.
Unknown,2025-03-31 22:11:59,suspicious,Unknown,Monitor the IP activity closely and analyze further to determine if additional actions are necessary.
Unknown,2025-03-31 22:11:59,suspicious,Unknown,Monitor the IP activity closely and analyze further to determine if additional actions are necessary.
Unknown,2025-03-31 22:11:59,suspicious,Unknown,Monitor the IP activity closely and analyze further to determine if additional actions are necessary.
Unknown,2025-03-31 22:11:59,suspicious,Unknown,Monitor the IP activity closely and analyze further to determine if additional actions are necessary.
Unknown,2025-03-31 22:11:59,suspicious,Unknown,Monitor the IP activity closely and analyze further to determine if additional actions are necessary.
Unknown,2025-03-31 22:11:59,suspicious,Unknown,Monitor the IP activity closely and analyze further to determine if additional actions are necessary.
Unknown,2025-03-31 22:11:59,suspicious,Unknown,Monitor the IP activity closely and analyze further to determine if additional actions are necessary.
Unknown,2025-03-31 22:11:59,suspicious,Unknown,Monitor the IP activity closely and analyze further to determine if additional actions are necessary.
Unknown,2025-03-31 22:11:59,suspicious,Unknown,Monitor the IP activity closely and analyze further to determine if additional actions are necessary.
Unknown,2025-03-31 22:11:59,suspicious,Unknown,Monitor the IP activity closely and analyze further to determine if additional actions are necessary.
Unknown,2025-03-31 22:11:59,suspicious,Unknown,Monitor the IP activity closely and analyze further to determine if additional actions are necessary.
Unknown,2025-03-31 22:11:59,suspicious,Unknown,Monitor the IP activity closely and analyze further to determine if additional actions are necessary.
Unknown,2025-03-31 22:12:10,suspicious,Unknown,Monitor the IP activity closely and analyze further to determine if additional actions are necessary.
Unknown,2025-03-31 22:12:10,suspicious,Unknown,Monitor the IP activity closely and analyze further to determine if additional actions are necessary.
Unknown,2025-03-31 22:12:10,suspicious,Unknown,Monitor the IP activity closely and analyze further to determine if additional actions are necessary.
Unknown,2025-03-31 22:12:10,suspicious,Unknown,Monitor the IP activity closely and analyze further to determine if additional actions are necessary.
Unknown,2025-03-31 22:12:10,suspicious,Unknown,Monitor the IP activity closely and analyze further to determine if additional actions are necessary.
Unknown,2025-03-31 22:12:10,suspicious,Unknown,Monitor the IP activity closely and analyze further to determine if additional actions are necessary.
Unknown,2025-03-31 22:12:10,suspicious,Unknown,Monitor the IP activity closely and analyze further to determine if additional actions are necessary.
Unknown,2025-03-31 22:12:10,suspicious,Unknown,Monitor the IP activity closely and analyze further to determine if additional actions are necessary.
Unknown,2025-03-31 22:12:10,suspicious,Unknown,Monitor the IP activity closely and analyze further to determine if additional actions are necessary.
Unknown,2025-03-31 22:12:10,suspicious,Unknown,Monitor the IP activity closely and analyze further to determine if additional actions are necessary.
Unknown,2025-03-31 22:12:10,suspicious,Unknown,Monitor the IP activity closely and analyze further to determine if additional actions are necessary.
Unknown,2025-03-31 22:12:10,suspicious,Unknown,Monitor the IP activity closely and analyze further to determine if additional actions are necessary.
Unknown,2025-03-31 22:12:10,suspicious,Unknown,Monitor the IP activity closely and analyze further to determine if additional actions are necessary.
Unknown,2025-03-31 22:12:10,suspicious,Unknown,Monitor the IP activity closely and analyze further to determine if additional actions are necessary.
Unknown,2025-03-31 22:12:10,suspicious,Unknown,Monitor the IP activity closely and analyze further to determine if additional actions are necessary.
Unknown,2025-03-31 22:12:10,suspicious,Unknown,Monitor the IP activity closely and analyze further to determine if additional actions are necessary.
Unknown,2025-03-31 22:12:10,suspicious,Unknown,Monitor the IP activity closely and analyze further to determine if additional actions are necessary.
Unknown,2025-03-31 22:12:10,suspicious,Unknown,Monitor the IP activity closely and analyze further to determine if additional actions are necessary.
Unknown,2025-03-31 22:12:10,suspicious,Unknown,Monitor the IP activity closely and analyze further to determine if additional actions are necessary.
Unknown,2025-03-31 22:12:10,suspicious,Unknown,Monitor the IP activity closely and analyze further to determine if additional actions are necessary.
Unknown,2025-03-31 22:12:10,suspicious,Unknown,Monitor the IP activity closely and analyze further to determine if additional actions are necessary.
Unknown,2025-03-31 22:12:10,suspicious,Unknown,Monitor the IP activity closely and analyze further to determine if additional actions are necessary.
Unknown,2025-03-31 22:12:10,suspicious,Unknown,Monitor the IP activity closely and analyze further to determine if additional actions are necessary.
Unknown,2025-03-31 22:12:10,suspicious,Unknown,Monitor the IP activity closely and analyze further to determine if additional actions are necessary.
Unknown,2025-03-31 22:12:10,suspicious,Unknown,Monitor the IP activity closely and analyze further to determine if additional actions are necessary.
Unknown,2025-03-31 22:12:10,suspicious,Unknown,Monitor the IP activity closely and analyze further to determine if additional actions are necessary.
Unknown,2025-03-31 22:12:10,suspicious,Unknown,Monitor the IP activity closely and analyze further to determine if additional actions are necessary.
Unknown,2025-03-31 22:12:22,suspicious,Unknown,Monitor the IP activity closely and analyze further to determine if additional actions are necessary.
Unknown,2025-03-31 22:12:22,suspicious,Unknown,Monitor the IP activity closely and analyze further to determine if additional actions are necessary.
Unknown,2025-03-31 22:12:22,suspicious,Unknown,Monitor the IP activity closely and analyze further to determine if additional actions are necessary.
Unknown,2025-03-31 22:12:22,suspicious,Unknown,Monitor the IP activity closely and analyze further to determine if additional actions are necessary.
Unknown,2025-03-31 22:12:22,suspicious,Unknown,Monitor the IP activity closely and analyze further to determine if additional actions are necessary.
Unknown,2025-03-31 22:12:22,suspicious,Unknown,Monitor the IP activity closely and analyze further to determine if additional actions are necessary.
Unknown,2025-03-31 22:12:22,suspicious,Unknown,Monitor the IP activity closely and analyze further to determine if additional actions are necessary.
Unknown,2025-03-31 22:12:22,suspicious,Unknown,Monitor the IP activity closely and analyze further to determine if additional actions are necessary.
Unknown,2025-03-31 22:12:22,suspicious,Unknown,Monitor the IP activity closely and analyze further to determine if additional actions are necessary.
Unknown,2025-03-31 22:12:22,suspicious,Unknown,Monitor the IP activity closely and analyze further to determine if additional actions are necessary.
Unknown,2025-03-31 22:12:22,suspicious,Unknown,Monitor the IP activity closely and analyze further to determine if additional actions are necessary.
Unknown,2025-03-31 22:12:22,suspicious,Unknown,Monitor the IP activity closely and analyze further to determine if additional actions are necessary.
Unknown,2025-03-31 22:12:22,suspicious,Unknown,Monitor the IP activity closely and analyze further to determine if additional actions are necessary.
Unknown,2025-03-31 22:12:22,suspicious,Unknown,Monitor the IP activity closely and analyze further to determine if additional actions are necessary.
Unknown,2025-03-31 22:12:22,suspicious,Unknown,Monitor the IP activity closely and analyze further to determine if additional actions are necessary.
Unknown,2025-03-31 22:12:22,suspicious,Unknown,Monitor the IP activity closely and analyze further to determine if additional actions are necessary.
Unknown,2025-03-31 22:12:22,suspicious,Unknown,Monitor the IP activity closely and analyze further to determine if additional actions are necessary.
Unknown,2025-03-31 22:12:22,suspicious,Unknown,Monitor the IP activity closely and analyze further to determine if additional actions are necessary.
Unknown,2025-03-31 22:12:22,suspicious,Unknown,Monitor the IP activity closely and analyze further to determine if additional actions are necessary.
Unknown,2025-03-31 22:12:22,suspicious,Unknown,Monitor the IP activity closely and analyze further to determine if additional actions are necessary.
Unknown,2025-03-31 22:12:22,suspicious,Unknown,Monitor the IP activity closely and analyze further to determine if additional actions are necessary.
Unknown,2025-03-31 22:12:22,suspicious,Unknown,Monitor the IP activity closely and analyze further to determine if additional actions are necessary.
Unknown,2025-03-31 22:12:22,suspicious,Unknown,Monitor the IP activity closely and analyze further to determine if additional actions are necessary.
Unknown,2025-03-31 22:12:22,suspicious,Unknown,Monitor the IP activity closely and analyze further to determine if additional actions are necessary.
Unknown,2025-03-31 22:12:22,suspicious,Unknown,Monitor the IP activity closely and analyze further to determine if additional actions are necessary.
Unknown,2025-03-31 22:12:22,suspicious,Unknown,Monitor the IP activity closely and analyze further to determine if additional actions are necessary.
Unknown,2025-03-31 22:12:22,suspicious,Unknown,Monitor the IP activity closely and analyze further to determine if additional actions are necessary.
Unknown,2025-03-31 22:12:34,suspicious,Unknown,Monitor the IP activity closely and analyze further to determine if additional actions are necessary.
Unknown,2025-03-31 22:12:34,suspicious,Unknown,Monitor the IP activity closely and analyze further to determine if additional actions are necessary.
Unknown,2025-03-31 22:12:34,suspicious,Unknown,Monitor the IP activity closely and analyze further to determine if additional actions are necessary.
Unknown,2025-03-31 22:12:34,suspicious,Unknown,Monitor the IP activity closely and analyze further to determine if additional actions are necessary.
Unknown,2025-03-31 22:12:34,suspicious,Unknown,Monitor the IP activity closely and analyze further to determine if additional actions are necessary.
Unknown,2025-03-31 22:12:34,suspicious,Unknown,Monitor the IP activity closely and analyze further to determine if additional actions are necessary.
Unknown,2025-03-31 22:12:34,suspicious,Unknown,Monitor the IP activity closely and analyze further to determine if additional actions are necessary.
Unknown,2025-03-31 22:12:34,suspicious,Unknown,Monitor the IP activity closely and analyze further to determine if additional actions are necessary.
Unknown,2025-03-31 22:12:34,suspicious,Unknown,Monitor the IP activity closely and analyze further to determine if additional actions are necessary.
Unknown,2025-03-31 22:12:34,suspicious,Unknown,Monitor the IP activity closely and analyze further to determine if additional actions are necessary.
Unknown,2025-03-31 22:12:34,suspicious,Unknown,Monitor the IP activity closely and analyze further to determine if additional actions are necessary.
Unknown,2025-03-31 22:12:34,suspicious,Unknown,Monitor the IP activity closely and analyze further to determine if additional actions are necessary.
Unknown,2025-03-31 22:12:34,suspicious,Unknown,Monitor the IP activity closely and analyze further to determine if additional actions are necessary.
Unknown,2025-03-31 22:12:34,suspicious,Unknown,Monitor the IP activity closely and analyze further to determine if additional actions are necessary.
Unknown,2025-03-31 22:12:34,suspicious,Unknown,Monitor the IP activity closely and analyze further to determine if additional actions are necessary.
Unknown,2025-03-31 22:12:34,suspicious,Unknown,Monitor the IP activity closely and analyze further to determine if additional actions are necessary.
Unknown,2025-03-31 22:12:34,suspicious,Unknown,Monitor the IP activity closely and analyze further to determine if additional actions are necessary.
Unknown,2025-03-31 22:12:34,suspicious,Unknown,Monitor the IP activity closely and analyze further to determine if additional actions are necessary.
Unknown,2025-03-31 22:12:34,suspicious,Unknown,Monitor the IP activity closely and analyze further to determine if additional actions are necessary.
Unknown,2025-03-31 22:12:34,suspicious,Unknown,Monitor the IP activity closely and analyze further to determine if additional actions are necessary.
Unknown,2025-03-31 22:12:34,suspicious,Unknown,Monitor the IP activity closely and analyze further to determine if additional actions are necessary.
Unknown,2025-03-31 22:12:34,suspicious,Unknown,Monitor the IP activity closely and analyze further to determine if additional actions are necessary.
Unknown,2025-03-31 22:12:34,suspicious,Unknown,Monitor the IP activity closely and analyze further to determine if additional actions are necessary.
Unknown,2025-03-31 22:12:34,suspicious,Unknown,Monitor the IP activity closely and analyze further to determine if additional actions are necessary.
Unknown,2025-03-31 22:12:34,suspicious,Unknown,Monitor the IP activity closely and analyze further to determine if additional actions are necessary.
Unknown,2025-03-31 22:12:34,suspicious,Unknown,Monitor the IP activity closely and analyze further to determine if additional actions are necessary.
Unknown,2025-03-31 22:12:34,suspicious,Unknown,Monitor the IP activity closely and analyze further to determine if additional actions are necessary.
Unknown,2025-03-31 22:12:46,suspicious,Unknown,Monitor the IP activity closely and analyze further to determine if additional actions are necessary.
Unknown,2025-03-31 22:12:46,suspicious,Unknown,Monitor the IP activity closely and analyze further to determine if additional actions are necessary.
Unknown,2025-03-31 22:12:46,suspicious,Unknown,Monitor the IP activity closely and analyze further to determine if additional actions are necessary.
Unknown,2025-03-31 22:12:46,suspicious,Unknown,Monitor the IP activity closely and analyze further to determine if additional actions are necessary.
Unknown,2025-03-31 22:12:46,suspicious,Unknown,Monitor the IP activity closely and analyze further to determine if additional actions are necessary.
Unknown,2025-03-31 22:12:46,suspicious,Unknown,Monitor the IP activity closely and analyze further to determine if additional actions are necessary.
Unknown,2025-03-31 22:12:46,suspicious,Unknown,Monitor the IP activity closely and analyze further to determine if additional actions are necessary.
Unknown,2025-03-31 22:12:46,suspicious,Unknown,Monitor the IP activity closely and analyze further to determine if additional actions are necessary.
Unknown,2025-03-31 22:12:46,suspicious,Unknown,Monitor the IP activity closely and analyze further to determine if additional actions are necessary.
Unknown,2025-03-31 22:12:46,suspicious,Unknown,Monitor the IP activity closely and analyze further to determine if additional actions are necessary.
Unknown,2025-03-31 22:12:46,suspicious,Unknown,Monitor the IP activity closely and analyze further to determine if additional actions are necessary.
Unknown,2025-03-31 22:12:46,suspicious,Unknown,Monitor the IP activity closely and analyze further to determine if additional actions are necessary.
Unknown,2025-03-31 22:12:46,suspicious,Unknown,Monitor the IP activity closely and analyze further to determine if additional actions are necessary.
Unknown,2025-03-31 22:12:46,suspicious,Unknown,Monitor the IP activity closely and analyze further to determine if additional actions are necessary.
Unknown,2025-03-31 22:12:46,suspicious,Unknown,Monitor the IP activity closely and analyze further to determine if additional actions are necessary.
Unknown,2025-03-31 22:12:46,suspicious,Unknown,Monitor the IP activity closely and analyze further to determine if additional actions are necessary.
Unknown,2025-03-31 22:12:46,suspicious,Unknown,Monitor the IP activity closely and analyze further to determine if additional actions are necessary.
Unknown,2025-03-31 22:12:46,suspicious,Unknown,Monitor the IP activity closely and analyze further to determine if additional actions are necessary.
Unknown,2025-03-31 22:12:46,suspicious,Unknown,Monitor the IP activity closely and analyze further to determine if additional actions are necessary.
Unknown,2025-03-31 22:12:46,suspicious,Unknown,Monitor the IP activity closely and analyze further to determine if additional actions are necessary.
Unknown,2025-03-31 22:12:46,suspicious,Unknown,Monitor the IP activity closely and analyze further to determine if additional actions are necessary.
Unknown,2025-03-31 22:12:46,suspicious,Unknown,Monitor the IP activity closely and analyze further to determine if additional actions are necessary.
Unknown,2025-03-31 22:12:46,suspicious,Unknown,Monitor the IP activity closely and analyze further to determine if additional actions are necessary.
Unknown,2025-03-31 22:12:46,suspicious,Unknown,Monitor the IP activity closely and analyze further to determine if additional actions are necessary.
Unknown,2025-03-31 22:12:46,suspicious,Unknown,Monitor the IP activity closely and analyze further to determine if additional actions are necessary.
Unknown,2025-03-31 22:12:46,suspicious,Unknown,Monitor the IP activity closely and analyze further to determine if additional actions are necessary.
Unknown,2025-03-31 22:12:46,suspicious,Unknown,Monitor the IP activity closely and analyze further to determine if additional actions are necessary.
Unknown,2025-03-31 22:12:57,suspicious,Unknown,Monitor the IP activity closely and analyze further to determine if additional actions are necessary.
Unknown,2025-03-31 22:12:57,suspicious,Unknown,Monitor the IP activity closely and analyze further to determine if additional actions are necessary.
Unknown,2025-03-31 22:12:57,suspicious,Unknown,Monitor the IP activity closely and analyze further to determine if additional actions are necessary.
Unknown,2025-03-31 22:12:57,suspicious,Unknown,Monitor the IP activity closely and analyze further to determine if additional actions are necessary.
Unknown,2025-03-31 22:12:57,suspicious,Unknown,Monitor the IP activity closely and analyze further to determine if additional actions are necessary.
Unknown,2025-03-31 22:12:57,suspicious,Unknown,Monitor the IP activity closely and analyze further to determine if additional actions are necessary.
Unknown,2025-03-31 22:12:57,suspicious,Unknown,Monitor the IP activity closely and analyze further to determine if additional actions are necessary.
Unknown,2025-03-31 22:12:57,suspicious,Unknown,Monitor the IP activity closely and analyze further to determine if additional actions are necessary.
Unknown,2025-03-31 22:12:57,suspicious,Unknown,Monitor the IP activity closely and analyze further to determine if additional actions are necessary.
Unknown,2025-03-31 22:12:57,suspicious,Unknown,Monitor the IP activity closely and analyze further to determine if additional actions are necessary.
Unknown,2025-03-31 22:12:57,suspicious,Unknown,Monitor the IP activity closely and analyze further to determine if additional actions are necessary.
Unknown,2025-03-31 22:12:57,suspicious,Unknown,Monitor the IP activity closely and analyze further to determine if additional actions are necessary.
Unknown,2025-03-31 22:12:57,suspicious,Unknown,Monitor the IP activity closely and analyze further to determine if additional actions are necessary.
Unknown,2025-03-31 22:12:57,suspicious,Unknown,Monitor the IP activity closely and analyze further to determine if additional actions are necessary.
Unknown,2025-03-31 22:12:57,suspicious,Unknown,Monitor the IP activity closely and analyze further to determine if additional actions are necessary.
Unknown,2025-03-31 22:12:57,suspicious,Unknown,Monitor the IP activity closely and analyze further to determine if additional actions are necessary.
Unknown,2025-03-31 22:12:57,suspicious,Unknown,Monitor the IP activity closely and analyze further to determine if additional actions are necessary.
Unknown,2025-03-31 22:12:57,suspicious,Unknown,Monitor the IP activity closely and analyze further to determine if additional actions are necessary.
Unknown,2025-03-31 22:12:57,suspicious,Unknown,Monitor the IP activity closely and analyze further to determine if additional actions are necessary.
Unknown,2025-03-31 22:12:57,suspicious,Unknown,Monitor the IP activity closely and analyze further to determine if additional actions are necessary.
Unknown,2025-03-31 22:12:57,suspicious,Unknown,Monitor the IP activity closely and analyze further to determine if additional actions are necessary.
Unknown,2025-03-31 22:12:57,suspicious,Unknown,Monitor the IP activity closely and analyze further to determine if additional actions are necessary.
Unknown,2025-03-31 22:12:57,suspicious,Unknown,Monitor the IP activity closely and analyze further to determine if additional actions are necessary.
Unknown,2025-03-31 22:12:57,suspicious,Unknown,Monitor the IP activity closely and analyze further to determine if additional actions are necessary.
Unknown,2025-03-31 22:12:57,suspicious,Unknown,Monitor the IP activity closely and analyze further to determine if additional actions are necessary.
Unknown,2025-03-31 22:12:57,suspicious,Unknown,Monitor the IP activity closely and analyze further to determine if additional actions are necessary.
Unknown,2025-03-31 22:12:57,suspicious,Unknown,Monitor the IP activity closely and analyze further to determine if additional actions are necessary.
Unknown,2025-03-31 22:13:09,suspicious,Unknown,Monitor the IP activity closely and analyze further to determine if additional actions are necessary.
Unknown,2025-03-31 22:13:09,suspicious,Unknown,Monitor the IP activity closely and analyze further to determine if additional actions are necessary.
Unknown,2025-03-31 22:13:09,suspicious,Unknown,Monitor the IP activity closely and analyze further to determine if additional actions are necessary.
Unknown,2025-03-31 22:13:09,suspicious,Unknown,Monitor the IP activity closely and analyze further to determine if additional actions are necessary.
Unknown,2025-03-31 22:13:09,suspicious,Unknown,Monitor the IP activity closely and analyze further to determine if additional actions are necessary.
Unknown,2025-03-31 22:13:09,suspicious,Unknown,Monitor the IP activity closely and analyze further to determine if additional actions are necessary.
Unknown,2025-03-31 22:13:09,suspicious,Unknown,Monitor the IP activity closely and analyze further to determine if additional actions are necessary.
Unknown,2025-03-31 22:13:09,suspicious,Unknown,Monitor the IP activity closely and analyze further to determine if additional actions are necessary.
Unknown,2025-03-31 22:13:09,suspicious,Unknown,Monitor the IP activity closely and analyze further to determine if additional actions are necessary.
Unknown,2025-03-31 22:13:09,suspicious,Unknown,Monitor the IP activity closely and analyze further to determine if additional actions are necessary.
Unknown,2025-03-31 22:13:09,suspicious,Unknown,Monitor the IP activity closely and analyze further to determine if additional actions are necessary.
Unknown,2025-03-31 22:13:09,suspicious,Unknown,Monitor the IP activity closely and analyze further to determine if additional actions are necessary.
Unknown,2025-03-31 22:13:09,suspicious,Unknown,Monitor the IP activity closely and analyze further to determine if additional actions are necessary.
Unknown,2025-03-31 22:13:09,suspicious,Unknown,Monitor the IP activity closely and analyze further to determine if additional actions are necessary.
Unknown,2025-03-31 22:13:09,suspicious,Unknown,Monitor the IP activity closely and analyze further to determine if additional actions are necessary.
Unknown,2025-03-31 22:13:09,suspicious,Unknown,Monitor the IP activity closely and analyze further to determine if additional actions are necessary.
Unknown,2025-03-31 22:13:09,suspicious,Unknown,Monitor the IP activity closely and analyze further to determine if additional actions are necessary.
Unknown,2025-03-31 22:13:09,suspicious,Unknown,Monitor the IP activity closely and analyze further to determine if additional actions are necessary.
Unknown,2025-03-31 22:13:09,suspicious,Unknown,Monitor the IP activity closely and analyze further to determine if additional actions are necessary.
Unknown,2025-03-31 22:13:09,suspicious,Unknown,Monitor the IP activity closely and analyze further to determine if additional actions are necessary.
Unknown,2025-03-31 22:13:09,suspicious,Unknown,Monitor the IP activity closely and analyze further to determine if additional actions are necessary.
Unknown,2025-03-31 22:13:09,suspicious,Unknown,Monitor the IP activity closely and analyze further to determine if additional actions are necessary.
Unknown,2025-03-31 22:13:09,suspicious,Unknown,Monitor the IP activity closely and analyze further to determine if additional actions are necessary.
Unknown,2025-03-31 22:13:09,suspicious,Unknown,Monitor the IP activity closely and analyze further to determine if additional actions are necessary.
Unknown,2025-03-31 22:13:09,suspicious,Unknown,Monitor the IP activity closely and analyze further to determine if additional actions are necessary.
Unknown,2025-03-31 22:13:09,suspicious,Unknown,Monitor the IP activity closely and analyze further to determine if additional actions are necessary.
Unknown,2025-03-31 22:13:09,suspicious,Unknown,Monitor the IP activity closely and analyze further to determine if additional actions are necessary.
Unknown,2025-03-31 22:13:21,suspicious,Unknown,Monitor the IP activity closely and analyze further to determine if additional actions are necessary.
Unknown,2025-03-31 22:13:21,suspicious,Unknown,Monitor the IP activity closely and analyze further to determine if additional actions are necessary.
Unknown,2025-03-31 22:13:21,suspicious,Unknown,Monitor the IP activity closely and analyze further to determine if additional actions are necessary.
Unknown,2025-03-31 22:13:21,suspicious,Unknown,Monitor the IP activity closely and analyze further to determine if additional actions are necessary.
Unknown,2025-03-31 22:13:21,suspicious,Unknown,Monitor the IP activity closely and analyze further to determine if additional actions are necessary.
Unknown,2025-03-31 22:13:21,suspicious,Unknown,Monitor the IP activity closely and analyze further to determine if additional actions are necessary.
Unknown,2025-03-31 22:13:21,suspicious,Unknown,Monitor the IP activity closely and analyze further to determine if additional actions are necessary.
Unknown,2025-03-31 22:13:21,suspicious,Unknown,Monitor the IP activity closely and analyze further to determine if additional actions are necessary.
Unknown,2025-03-31 22:13:21,suspicious,Unknown,Monitor the IP activity closely and analyze further to determine if additional actions are necessary.
Unknown,2025-03-31 22:13:21,suspicious,Unknown,Monitor the IP activity closely and analyze further to determine if additional actions are necessary.
Unknown,2025-03-31 22:13:21,suspicious,Unknown,Monitor the IP activity closely and analyze further to determine if additional actions are necessary.
Unknown,2025-03-31 22:13:21,suspicious,Unknown,Monitor the IP activity closely and analyze further to determine if additional actions are necessary.
Unknown,2025-03-31 22:13:21,suspicious,Unknown,Monitor the IP activity closely and analyze further to determine if additional actions are necessary.
Unknown,2025-03-31 22:13:21,suspicious,Unknown,Monitor the IP activity closely and analyze further to determine if additional actions are necessary.
Unknown,2025-03-31 22:13:21,suspicious,Unknown,Monitor the IP activity closely and analyze further to determine if additional actions are necessary.
Unknown,2025-03-31 22:13:21,suspicious,Unknown,Monitor the IP activity closely and analyze further to determine if additional actions are necessary.
Unknown,2025-03-31 22:13:21,suspicious,Unknown,Monitor the IP activity closely and analyze further to determine if additional actions are necessary.
Unknown,2025-03-31 22:13:21,suspicious,Unknown,Monitor the IP activity closely and analyze further to determine if additional actions are necessary.
Unknown,2025-03-31 22:13:21,suspicious,Unknown,Monitor the IP activity closely and analyze further to determine if additional actions are necessary.
Unknown,2025-03-31 22:13:21,suspicious,Unknown,Monitor the IP activity closely and analyze further to determine if additional actions are necessary.
Unknown,2025-03-31 22:13:21,suspicious,Unknown,Monitor the IP activity closely and analyze further to determine if additional actions are necessary.
Unknown,2025-03-31 22:13:21,suspicious,Unknown,Monitor the IP activity closely and analyze further to determine if additional actions are necessary.
Unknown,2025-03-31 22:13:21,suspicious,Unknown,Monitor the IP activity closely and analyze further to determine if additional actions are necessary.
Unknown,2025-03-31 22:13:21,suspicious,Unknown,Monitor the IP activity closely and analyze further to determine if additional actions are necessary.
Unknown,2025-03-31 22:13:21,suspicious,Unknown,Monitor the IP activity closely and analyze further to determine if additional actions are necessary.
Unknown,2025-03-31 22:13:21,suspicious,Unknown,Monitor the IP activity closely and analyze further to determine if additional actions are necessary.
Unknown,2025-03-31 22:13:21,suspicious,Unknown,Monitor the IP activity closely and analyze further to determine if additional actions are necessary.
Unknown,2025-03-31 22:13:33,suspicious,Unknown,Monitor the IP activity closely and analyze further to determine if additional actions are necessary.
Unknown,2025-03-31 22:13:33,suspicious,Unknown,Monitor the IP activity closely and analyze further to determine if additional actions are necessary.
Unknown,2025-03-31 22:13:33,suspicious,Unknown,Monitor the IP activity closely and analyze further to determine if additional actions are necessary.
Unknown,2025-03-31 22:13:33,suspicious,Unknown,Monitor the IP activity closely and analyze further to determine if additional actions are necessary.
Unknown,2025-03-31 22:13:33,suspicious,Unknown,Monitor the IP activity closely and analyze further to determine if additional actions are necessary.
Unknown,2025-03-31 22:13:33,suspicious,Unknown,Monitor the IP activity closely and analyze further to determine if additional actions are necessary.
Unknown,2025-03-31 22:13:33,suspicious,Unknown,Monitor the IP activity closely and analyze further to determine if additional actions are necessary.
Unknown,2025-03-31 22:13:33,suspicious,Unknown,Monitor the IP activity closely and analyze further to determine if additional actions are necessary.
Unknown,2025-03-31 22:13:33,suspicious,Unknown,Monitor the IP activity closely and analyze further to determine if additional actions are necessary.
Unknown,2025-03-31 22:13:33,suspicious,Unknown,Monitor the IP activity closely and analyze further to determine if additional actions are necessary.
Unknown,2025-03-31 22:13:33,suspicious,Unknown,Monitor the IP activity closely and analyze further to determine if additional actions are necessary.
Unknown,2025-03-31 22:13:33,suspicious,Unknown,Monitor the IP activity closely and analyze further to determine if additional actions are necessary.
Unknown,2025-03-31 22:13:33,suspicious,Unknown,Monitor the IP activity closely and analyze further to determine if additional actions are necessary.
Unknown,2025-03-31 22:13:33,suspicious,Unknown,Monitor the IP activity closely and analyze further to determine if additional actions are necessary.
Unknown,2025-03-31 22:13:33,suspicious,Unknown,Monitor the IP activity closely and analyze further to determine if additional actions are necessary.
Unknown,2025-03-31 22:13:33,suspicious,Unknown,Monitor the IP activity closely and analyze further to determine if additional actions are necessary.
Unknown,2025-03-31 22:13:33,suspicious,Unknown,Monitor the IP activity closely and analyze further to determine if additional actions are necessary.
Unknown,2025-03-31 22:13:33,suspicious,Unknown,Monitor the IP activity closely and analyze further to determine if additional actions are necessary.
Unknown,2025-03-31 22:13:33,suspicious,Unknown,Monitor the IP activity closely and analyze further to determine if additional actions are necessary.
Unknown,2025-03-31 22:13:33,suspicious,Unknown,Monitor the IP activity closely and analyze further to determine if additional actions are necessary.
Unknown,2025-03-31 22:13:33,suspicious,Unknown,Monitor the IP activity closely and analyze further to determine if additional actions are necessary.
Unknown,2025-03-31 22:13:33,suspicious,Unknown,Monitor the IP activity closely and analyze further to determine if additional actions are necessary.
Unknown,2025-03-31 22:13:33,suspicious,Unknown,Monitor the IP activity closely and analyze further to determine if additional actions are necessary.
Unknown,2025-03-31 22:13:33,suspicious,Unknown,Monitor the IP activity closely and analyze further to determine if additional actions are necessary.
Unknown,2025-03-31 22:13:33,suspicious,Unknown,Monitor the IP activity closely and analyze further to determine if additional actions are necessary.
Unknown,2025-03-31 22:13:33,suspicious,Unknown,Monitor the IP activity closely and analyze further to determine if additional actions are necessary.
Unknown,2025-03-31 22:13:33,suspicious,Unknown,Monitor the IP activity closely and analyze further to determine if additional actions are necessary.
Unknown,2025-03-31 22:13:45,suspicious,Unknown,Monitor the IP activity closely and analyze further to determine if additional actions are necessary.
Unknown,2025-03-31 22:13:45,suspicious,Unknown,Monitor the IP activity closely and analyze further to determine if additional actions are necessary.
Unknown,2025-03-31 22:13:45,suspicious,Unknown,Monitor the IP activity closely and analyze further to determine if additional actions are necessary.
Unknown,2025-03-31 22:13:45,suspicious,Unknown,Monitor the IP activity closely and analyze further to determine if additional actions are necessary.
Unknown,2025-03-31 22:13:45,suspicious,Unknown,Monitor the IP activity closely and analyze further to determine if additional actions are necessary.
Unknown,2025-03-31 22:13:45,suspicious,Unknown,Monitor the IP activity closely and analyze further to determine if additional actions are necessary.
Unknown,2025-03-31 22:13:45,suspicious,Unknown,Monitor the IP activity closely and analyze further to determine if additional actions are necessary.
Unknown,2025-03-31 22:13:45,suspicious,Unknown,Monitor the IP activity closely and analyze further to determine if additional actions are necessary.
Unknown,2025-03-31 22:13:45,suspicious,Unknown,Monitor the IP activity closely and analyze further to determine if additional actions are necessary.
Unknown,2025-03-31 22:13:45,suspicious,Unknown,Monitor the IP activity closely and analyze further to determine if additional actions are necessary.
Unknown,2025-03-31 22:13:45,suspicious,Unknown,Monitor the IP activity closely and analyze further to determine if additional actions are necessary.
Unknown,2025-03-31 22:13:45,suspicious,Unknown,Monitor the IP activity closely and analyze further to determine if additional actions are necessary.
Unknown,2025-03-31 22:13:45,suspicious,Unknown,Monitor the IP activity closely and analyze further to determine if additional actions are necessary.
Unknown,2025-03-31 22:13:45,suspicious,Unknown,Monitor the IP activity closely and analyze further to determine if additional actions are necessary.
Unknown,2025-03-31 22:13:45,suspicious,Unknown,Monitor the IP activity closely and analyze further to determine if additional actions are necessary.
Unknown,2025-03-31 22:13:45,suspicious,Unknown,Monitor the IP activity closely and analyze further to determine if additional actions are necessary.
Unknown,2025-03-31 22:13:45,suspicious,Unknown,Monitor the IP activity closely and analyze further to determine if additional actions are necessary.
Unknown,2025-03-31 22:13:45,suspicious,Unknown,Monitor the IP activity closely and analyze further to determine if additional actions are necessary.
Unknown,2025-03-31 22:13:45,suspicious,Unknown,Monitor the IP activity closely and analyze further to determine if additional actions are necessary.
Unknown,2025-03-31 22:13:45,suspicious,Unknown,Monitor the IP activity closely and analyze further to determine if additional actions are necessary.
Unknown,2025-03-31 22:13:45,suspicious,Unknown,Monitor the IP activity closely and analyze further to determine if additional actions are necessary.
Unknown,2025-03-31 22:13:45,suspicious,Unknown,Monitor the IP activity closely and analyze further to determine if additional actions are necessary.
Unknown,2025-03-31 22:13:45,suspicious,Unknown,Monitor the IP activity closely and analyze further to determine if additional actions are necessary.
Unknown,2025-03-31 22:13:45,suspicious,Unknown,Monitor the IP activity closely and analyze further to determine if additional actions are necessary.
Unknown,2025-03-31 22:13:45,suspicious,Unknown,Monitor the IP activity closely and analyze further to determine if additional actions are necessary.
Unknown,2025-03-31 22:13:45,suspicious,Unknown,Monitor the IP activity closely and analyze further to determine if additional actions are necessary.
Unknown,2025-03-31 22:13:45,suspicious,Unknown,Monitor the IP activity closely and analyze further to determine if additional actions are necessary.
